{
  "hash": "6e0f4cf0",
  "configHash": "ad1ea70c",
  "lockfileHash": "86e1d255",
  "browserHash": "3bb15730",
  "optimized": {
    "@angular/common": {
      "src": "../../../../../../node_modules/@angular/common/fesm2022/common.mjs",
      "file": "@angular_common.js",
      "fileHash": "209f792e",
      "needsInterop": false
    },
    "@angular/core": {
      "src": "../../../../../../node_modules/@angular/core/fesm2022/core.mjs",
      "file": "@angular_core.js",
      "fileHash": "77bd15c3",
      "needsInterop": false
    },
    "@angular/platform-browser": {
      "src": "../../../../../../node_modules/@angular/platform-browser/fesm2022/platform-browser.mjs",
      "file": "@angular_platform-browser.js",
      "fileHash": "a1922380",
      "needsInterop": false
    },
    "@angular/router": {
      "src": "../../../../../../node_modules/@angular/router/fesm2022/router.mjs",
      "file": "@angular_router.js",
      "fileHash": "1e7d64bd",
      "needsInterop": false
    },
    "@angular/forms": {
      "src": "../../../../../../node_modules/@angular/forms/fesm2022/forms.mjs",
      "file": "@angular_forms.js",
      "fileHash": "10a70b67",
      "needsInterop": false
    }
  },
  "chunks": {
    "chunk-MBDTKFXB": {
      "file": "chunk-MBDTKFXB.js"
    },
    "chunk-W26PFFRM": {
      "file": "chunk-W26PFFRM.js"
    },
    "chunk-VRAJM4OB": {
      "file": "chunk-VRAJM4OB.js"
    }
  }
}